iter	AUC	CrossEntropy	Accuracy
0	0.8857344389	0.6700302948	0.8778920308
1	0.9278990328	0.6403423005	0.9010282776
2	0.9350560009	0.6149911758	0.8946015424
3	0.9578056931	0.5871028949	0.9023136247
4	0.9677795172	0.5614490264	0.9042416452
5	0.9690772593	0.5415395232	0.9023136247
6	0.97449705	0.5207308889	0.9068123393
7	0.97632429	0.5054165955	0.9074550129
8	0.9768116772	0.485495913	0.9093830334
9	0.9773420095	0.4680346413	0.9145244216
10	0.977001667	0.4537980342	0.9106683805
11	0.9785951376	0.435547228	0.9164524422
12	0.9791221619	0.4208834533	0.9183804627
13	0.9793501496	0.4089900706	0.9196658098
14	0.9809328914	0.397606857	0.9235218509
15	0.9815590382	0.3861149884	0.927377892
16	0.9811964035	0.3767598209	0.9267352185
17	0.9820563197	0.3661009487	0.927377892
18	0.9816945195	0.3581499821	0.926092545
19	0.9821645319	0.3478456316	0.9305912596
20	0.9825585783	0.3378824661	0.9299485861
21	0.9825238585	0.3302487175	0.9299485861
22	0.9825594127	0.3238135095	0.9293059126
23	0.9823693931	0.3171594419	0.9267352185
24	0.9820802808	0.3116443703	0.927377892
25	0.9826998115	0.3052648824	0.9293059126
26	0.9832879603	0.2971745273	0.9312339332
27	0.9835804105	0.2907437322	0.9325192802
28	0.9840826392	0.2859764589	0.9312339332
29	0.9842957556	0.2810053887	0.9312339332
30	0.9843304753	0.2769242706	0.9325192802
31	0.9847583771	0.2721266563	0.9325192802
32	0.9847534001	0.2670063715	0.9338046272
33	0.9849500358	0.2622533176	0.9318766067
34	0.9853745997	0.2565478837	0.9338046272
35	0.9856356382	0.2520916701	0.9344473008
36	0.9858950078	0.2482548299	0.9344473008
37	0.9860321581	0.2446111762	0.9338046272
38	0.9862733483	0.2402467899	0.9344473008
39	0.986204803	0.2362018772	0.9344473008
40	0.9863683581	0.2320931638	0.9350899743
41	0.9864691496	0.2286320076	0.9350899743
42	0.9864270091	0.2263748444	0.9370179949
43	0.9866847694	0.2236176322	0.9357326478
44	0.9870432317	0.2213481521	0.9376606684
45	0.9870539904	0.2183090249	0.9402313625
46	0.9873149991	0.2149654477	0.9402313625
47	0.987516582	0.2117765765	0.940874036
48	0.9879808426	0.2100189131	0.940874036
49	0.9881410599	0.2074359413	0.9415167095
50	0.9884037971	0.2055337705	0.9415167095
51	0.9884814024	0.2035738398	0.940874036
52	0.9885805249	0.2009053169	0.942159383
53	0.9887028337	0.199034507	0.9415167095
54	0.988904357	0.1967599275	0.940874036
55	0.9890431166	0.195049433	0.9428020566
56	0.9890910387	0.1931163327	0.940874036
57	0.9893058538	0.1912487589	0.942159383
58	0.9894198179	0.1902840818	0.9434447301
59	0.9893950224	0.1886079881	0.9440874036
60	0.9895354509	0.186325387	0.9453727506
61	0.9896990061	0.1842778851	0.9460154242
62	0.9898626208	0.1825593492	0.9460154242
63	0.9898626208	0.1812265391	0.9447300771
64	0.9900228381	0.1793843247	0.9440874036
65	0.9900955558	0.1779660222	0.9440874036
66	0.9901666045	0.176527597	0.9447300771
67	0.9902111888	0.175717724	0.9447300771
68	0.9903648496	0.1742093005	0.9447300771
69	0.9904177189	0.1734155101	0.9453727506
70	0.9905102253	0.1720301179	0.9447300771
71	0.9905630946	0.1709288962	0.9447300771
72	0.9905961156	0.1694377124	0.9453727506
73	0.9906754494	0.1676875411	0.9466580977
74	0.9907580614	0.1665974595	0.9466580977
75	0.9907993674	0.1654393409	0.9473007712
76	0.9908373356	0.1639100494	0.9479434447
77	0.9909100533	0.1627658658	0.9492287918
78	0.9909860492	0.1615049367	0.9505141388
79	0.9910537601	0.1603410422	0.9498714653
80	0.9911149144	0.1592048802	0.9498714653
81	0.9911875725	0.1582526082	0.9498714653
82	0.9912669063	0.1572131179	0.9498714653
83	0.9913263917	0.1566847186	0.9498714653
84	0.9913610816	0.1559337724	0.9498714653
85	0.9914287925	0.1551552211	0.9498714653
86	0.9914486408	0.1545319153	0.9492287918
87	0.991569221	0.1533508987	0.9505141388
88	0.9916402698	0.1524129637	0.9505141388
89	0.9917724729	0.151320303	0.9505141388
90	0.9918170571	0.1507454605	0.9505141388
91	0.9918633103	0.1504328416	0.9505141388
92	0.9919145107	0.1496356091	0.9517994859
93	0.9920169711	0.1484978879	0.9517994859
94	0.9921276569	0.1476440626	0.9524421594
95	0.9921326041	0.147424997	0.9530848329
96	0.9921937585	0.1467241518	0.9524421594
97	0.9922069311	0.14580277	0.9524421594
98	0.9922432899	0.1455616792	0.9524421594
99	0.9922730327	0.144847762	0.9524421594
100	0.9923060536	0.1443216476	0.9530848329
101	0.9924316406	0.1428459972	0.9530848329
102	0.9924696088	0.1420832931	0.9537275064
103	0.9924795628	0.1420335451	0.9537275064
104	0.9924977422	0.1415959434	0.9530848329
105	0.9925605059	0.1407165527	0.9550128535
106	0.9927058816	0.1397090804	0.955655527
107	0.9927257299	0.1396283147	0.955655527
108	0.9928017259	0.1389384723	0.9562982005
109	0.9928199053	0.1386214308	0.956940874
110	0.9928628206	0.1379555553	0.956940874
111	0.9929008484	0.137336123	0.9562982005
112	0.9929107428	0.1370803715	0.956940874
113	0.9929768443	0.1361558321	0.956940874
114	0.9930148125	0.1357523077	0.956940874
115	0.9930263758	0.1356543416	0.956940874
116	0.9930842519	0.135136239	0.956940874
117	0.9931255579	0.1345492562	0.956940874
118	0.9931618571	0.1342406285	0.956940874
119	0.9931932688	0.1340388614	0.956940874
120	0.9932279587	0.1335099032	0.9575835476
121	0.9932510853	0.1330710757	0.9575835476
122	0.993289113	0.1326717975	0.9575835476
123	0.9933105707	0.1325189742	0.9575835476
124	0.9933336973	0.132368887	0.9575835476
125	0.9933799505	0.1321359061	0.9575835476
126	0.9934229255	0.131551365	0.9575835476
127	0.9934443831	0.1313038412	0.956940874
128	0.9934774041	0.1307280965	0.9575835476
129	0.9935104847	0.1305450596	0.9575835476
130	0.9935286641	0.1299374735	0.9575835476
131	0.9935253263	0.1295595243	0.9575835476
132	0.9935864806	0.1292308229	0.9575835476
133	0.9935930967	0.1291213734	0.9582262211
134	0.9936079383	0.1289607345	0.9582262211
135	0.9936575294	0.1283521873	0.9582262211
136	0.9937037826	0.1276010548	0.9588688946
137	0.9937417507	0.1273111574	0.9588688946
138	0.9938061833	0.1268955025	0.9588688946
139	0.9938516319	0.1264177925	0.9588688946
140	0.9938797355	0.1261570595	0.9588688946
141	0.9939028621	0.1257465823	0.9588688946
142	0.9939507842	0.1252671073	0.9588688946
143	0.9939739108	0.124826701	0.9588688946
144	0.9940052629	0.1246246789	0.9588688946
145	0.9940664172	0.123980858	0.9588688946
146	0.9941853583	0.1233722324	0.9588688946
147	0.9942217171	0.1229092517	0.9588688946
148	0.9942398667	0.1226140196	0.9588688946
149	0.9942547679	0.1223068531	0.9588688946
150	0.9943282604	0.121824289	0.9595115681
151	0.9943827987	0.1215485423	0.9595115681
152	0.9944290519	0.1211697301	0.9601542416
153	0.994476974	0.1207602631	0.9595115681
154	0.9945116639	0.1206171384	0.9595115681
155	0.9945347905	0.1203311832	0.9595115681
156	0.9946041703	0.1199455261	0.9595115681
157	0.994635582	0.119559163	0.9595115681
158	0.9946421981	0.119425678	0.9595115681
159	0.9946322441	0.1191308774	0.9601542416
160	0.9946388602	0.1189273648	0.9601542416
161	0.9946438074	0.1188802057	0.9601542416
162	0.9946636558	0.1185822573	0.9601542416
163	0.9947495461	0.1177528401	0.9614395887
164	0.9948057532	0.1172844561	0.9614395887
165	0.9948321581	0.1167838874	0.9614395887
166	0.9948404431	0.1165338433	0.9620822622
167	0.9948717952	0.1163016273	0.9620822622
168	0.9949577451	0.1157397488	0.9633676093
169	0.9949759245	0.1153227406	0.9633676093
170	0.9950039983	0.115092025	0.9633676093
171	0.9950188398	0.114730227	0.9640102828
172	0.9950519204	0.1143317235	0.9633676093
173	0.9951146841	0.1137584696	0.9640102828
174	0.9951609373	0.1133888656	0.9640102828
175	0.9951774478	0.1131387921	0.9640102828
176	0.9951989651	0.1129146958	0.9640102828
177	0.9951989651	0.1126161786	0.9640102828
178	0.9952386022	0.1121617687	0.9640102828
179	0.9952633977	0.111868645	0.9646529563
180	0.9952914715	0.1114889993	0.9646529563
181	0.9953327775	0.1110888091	0.9646529563
182	0.9953525662	0.1108137783	0.9646529563
183	0.9954285622	0.1101043721	0.9646529563
184	0.9954516888	0.1099179422	0.9652956298
185	0.9954781532	0.1097717481	0.9652956298
186	0.9955177903	0.1092834767	0.9652956298
187	0.9955310225	0.1091734977	0.9652956298
188	0.9955442548	0.1089937852	0.9652956298
189	0.9955838919	0.1086958662	0.9652956298
190	0.9956417084	0.1083176522	0.9652956298
191	0.9956516027	0.108237828	0.9646529563
192	0.9956714511	0.1079896471	0.9646529563
193	0.9957028627	0.1076409504	0.9646529563
194	0.9957358837	0.1071427255	0.9652956298
195	0.995739162	0.1070018268	0.9652956298
196	0.9957689047	0.1067078696	0.9652956298
197	0.9958267212	0.1063438847	0.9652956298
198	0.995831728	0.1060601359	0.9652956298
199	0.9958465695	0.1058206632	0.9652956298
200	0.9958614111	0.1056198473	0.9652956298
201	0.9958812594	0.1054679851	0.9652956298
202	0.9958944917	0.1051651236	0.9659383033
203	0.9959192872	0.1048815612	0.9665809769
204	0.9959671497	0.1044942861	0.9665809769
205	0.9960150719	0.1040385327	0.9665809769
206	0.9960283041	0.1037711803	0.9665809769
207	0.9960530996	0.1034050282	0.9665809769
208	0.9960563779	0.1031084821	0.9665809769
209	0.9960728884	0.1028491023	0.9665809769
210	0.9960795045	0.1027113613	0.9665809769
211	0.996145606	0.1024288972	0.9665809769
212	0.9961704016	0.1020984012	0.9665809769
213	0.9961869121	0.1019199244	0.9665809769
214	0.996221602	0.1014651223	0.9665809769
215	0.9962463975	0.1012303075	0.9665809769
216	0.9962661862	0.1010329533	0.9672236504
217	0.9962893128	0.100771171	0.9672236504
218	0.9963207245	0.1004508639	0.9678663239
219	0.9963356256	0.1001868162	0.9685089974
220	0.9963653088	0.09965893665	0.9685089974
221	0.9963752627	0.09953484621	0.9685089974
222	0.9963983893	0.09931778111	0.9685089974
223	0.9964231849	0.09898392155	0.9685089974
224	0.9964429736	0.09865766197	0.9685089974
225	0.9964694381	0.09830442492	0.969151671
226	0.9964793324	0.09808422177	0.9697943445
227	0.9964892268	0.09788744615	0.9697943445
228	0.996504128	0.09770382094	0.9697943445
229	0.9965173602	0.09760274617	0.9697943445
230	0.9965140224	0.09735007396	0.9697943445
231	0.9965156913	0.09721331363	0.9697943445
232	0.9965305328	0.09678145852	0.9697943445
233	0.9965668917	0.0963504958	0.9697943445
234	0.9966032505	0.09601175264	0.9697943445
235	0.9966577888	0.09557716154	0.9697943445
236	0.9966908097	0.09511295505	0.9697943445
237	0.9967238307	0.09483098126	0.9697943445
238	0.9967700839	0.09445086482	0.9697943445
239	0.9968047738	0.09412544858	0.9697943445
240	0.9968312383	0.09386789278	0.9697943445
241	0.9968626499	0.09356499209	0.970437018
242	0.9968791604	0.09329396226	0.9710796915
243	0.996902287	0.09295471897	0.9710796915
244	0.9969468713	0.09244327496	0.9710796915
245	0.9969865084	0.09206111879	0.9710796915
246	0.9970113039	0.09183623797	0.9710796915
247	0.9970377684	0.09150004448	0.9710796915
248	0.9970526099	0.09111202407	0.9710796915
249	0.9970526099	0.09099792637	0.9710796915
250	0.9970856905	0.09069228969	0.9710796915
251	0.9970988631	0.09041870039	0.9710796915
252	0.9971038103	0.09026248412	0.9710796915
253	0.9971418381	0.0898555079	0.9710796915
254	0.9971550703	0.08962191898	0.9710796915
255	0.9971814752	0.0894070309	0.9710796915
256	0.9972211123	0.08911039652	0.9710796915
257	0.9972459078	0.08888991878	0.9710796915
258	0.9972707033	0.08855912863	0.9710796915
259	0.9972971082	0.0883000038	0.9710796915
260	0.9973152876	0.08796568334	0.9710796915
261	0.9973665476	0.08740666838	0.9710796915
262	0.9973813891	0.08717986551	0.9710796915
263	0.9974194169	0.08681718488	0.9710796915
264	0.9974541068	0.08625631651	0.971722365
265	0.9974755645	0.08604576287	0.971722365
266	0.9974887967	0.08568847578	0.9723650386
267	0.9975069761	0.08534951688	0.971722365
268	0.9975284338	0.08513863963	0.971722365
269	0.997566402	0.08487683764	0.9723650386
270	0.997574687	0.08466949071	0.9723650386
271	0.9975779653	0.08446818452	0.9723650386
272	0.9975845814	0.08439191019	0.9723650386
273	0.9976457357	0.08381230175	0.9723650386
274	0.9976639152	0.08348202154	0.9723650386
275	0.9976820946	0.0832030289	0.9730077121
276	0.9977084994	0.08300834205	0.9730077121
277	0.9977234006	0.08279509164	0.9730077121
278	0.9977349639	0.08264679896	0.9723650386
279	0.9977465272	0.08235968661	0.9723650386
280	0.9977647066	0.08215023129	0.9723650386
281	0.9977647066	0.08192500725	0.9723650386
282	0.9977812171	0.08168010172	0.9742930591
283	0.9977977276	0.08151296111	0.9742930591
284	0.9978274703	0.08134513894	0.9736503856
285	0.9978390336	0.08114636772	0.9742930591
286	0.997848928	0.08093757924	0.9736503856
287	0.9978621602	0.08079044862	0.9742930591
288	0.9978770018	0.08062180762	0.9742930591
289	0.997890234	0.08047607932	0.9742930591
290	0.9979034662	0.08029675913	0.9742930591
291	0.9979166985	0.08012668639	0.9742930591
292	0.9979398251	0.07968514254	0.9742930591
293	0.9979480505	0.07952839672	0.9742930591
294	0.9979827404	0.07926718312	0.9749357326
295	0.9979910254	0.07908051302	0.9762210797
296	0.9980108738	0.07881987309	0.9768637532
297	0.9980372787	0.07858957423	0.9762210797
298	0.998074472	0.07822984534	0.9762210797
299	0.9980959296	0.07798436123	0.9762210797
300	0.9981231689	0.07775561178	0.9762210797
301	0.9981413484	0.07763634611	0.9762210797
302	0.9981479645	0.07749394709	0.9762210797
303	0.9981678128	0.07717197781	0.9768637532
304	0.9981744289	0.07687555426	0.9768637532
305	0.9981859922	0.0767645652	0.9768637532
306	0.9981958866	0.07661330608	0.9775064267
307	0.9981975555	0.07647609956	0.9775064267
308	0.9981991649	0.07639630472	0.9775064267
309	0.9982123971	0.07616529489	0.9775064267
310	0.9982322454	0.07587358823	0.9775064267
311	0.9982438087	0.07556232266	0.9768637532
312	0.9982520342	0.07546571962	0.9768637532
313	0.9982686043	0.0751612548	0.9768637532
314	0.9982751608	0.07500555338	0.9768637532
315	0.9982933402	0.07483565225	0.9768637532
316	0.9983082414	0.07464911454	0.9775064267
317	0.998329699	0.07450699009	0.9775064267
318	0.9983429313	0.07419923522	0.9781491003
319	0.9983528256	0.07405978303	0.9787917738
320	0.9983710051	0.07380456115	0.9787917738
321	0.9983891845	0.07370266755	0.9787917738
322	0.9984007478	0.07348650464	0.9787917738
323	0.998405695	0.07336401265	0.9787917738
324	0.9984090328	0.07328586529	0.9787917738
325	0.9984205961	0.07310290202	0.9781491003
326	0.9984403849	0.07291307425	0.9781491003
327	0.998447001	0.07270829659	0.9794344473
328	0.9984619021	0.07252963343	0.9787917738
329	0.9984750748	0.0723068659	0.9794344473
330	0.9984833598	0.0721308946	0.9794344473
331	0.998496592	0.07196870132	0.9794344473
332	0.9985378981	0.07176915539	0.9794344473
333	0.9985544086	0.07156262238	0.9794344473
334	0.9985610247	0.07145315822	0.9794344473
335	0.9985659719	0.07132189439	0.9794344473
336	0.9985792041	0.07108719245	0.9794344473
337	0.9985874295	0.07093736506	0.9800771208
338	0.9985973239	0.07083831532	0.9800771208
339	0.9986023307	0.07065638172	0.9800771208
340	0.9986122251	0.07051660101	0.9800771208
341	0.9986650944	0.06994345991	0.9800771208
342	0.9986799359	0.06969243028	0.9800771208
343	0.9986898899	0.0695128306	0.9800771208
344	0.9986948371	0.06943258957	0.9807197943
345	0.9987080693	0.06929091623	0.9807197943
346	0.9987162948	0.06920388425	0.9807197943
347	0.9987278581	0.06907153191	0.9807197943
348	0.9987674952	0.06847510056	0.9813624679
349	0.9987873435	0.06826475286	0.9813624679
350	0.9988055229	0.06810974768	0.9813624679
351	0.9988170862	0.06799127142	0.9813624679
352	0.9988319278	0.06789296207	0.9813624679
353	0.9988434911	0.06765432284	0.9813624679
354	0.9988583922	0.06745830232	0.9813624679
355	0.9988616705	0.06733903664	0.9807197943
356	0.9988682866	0.06708561424	0.9813624679
357	0.998878181	0.06698950642	0.9813624679
358	0.9988798499	0.06689678673	0.9807197943
359	0.9988947511	0.06670101627	0.9813624679
360	0.9989063144	0.0665422013	0.9813624679
361	0.9989112616	0.06647503223	0.9813624679
362	0.9989211559	0.06634335162	0.9813624679
363	0.9989228249	0.06615707868	0.9820051414
364	0.9989343882	0.06602461356	0.9820051414
365	0.9989343882	0.06597305141	0.9820051414
366	0.998960793	0.06570329642	0.9826478149
367	0.998960793	0.06560798782	0.9826478149
368	0.9989674091	0.0654602394	0.9826478149
369	0.9989690781	0.06536870138	0.9826478149
370	0.9989855886	0.06520188927	0.9826478149
371	0.9989889264	0.06497229157	0.9826478149
372	0.9990153313	0.06456626657	0.9826478149
373	0.9990252256	0.06441534577	0.9832904884
374	0.9990285635	0.06429192707	0.9832904884
375	0.9990434051	0.06416614993	0.9832904884
376	0.9990566373	0.06399830325	0.9832904884
377	0.9990599155	0.06392453446	0.9832904884
378	0.9990665317	0.06376963226	0.9832904884
379	0.9990665317	0.06370527763	0.9832904884
380	0.9990814328	0.06349656269	0.9832904884
381	0.9991243482	0.0629788867	0.9832904884
382	0.9991326332	0.06286679932	0.9832904884
383	0.9991392493	0.06243377725	0.9832904884
384	0.9991475344	0.06236197955	0.983933162
385	0.9991557598	0.06212757179	0.983933162
386	0.9991656542	0.06195826396	0.983933162
387	0.9991656542	0.06185956234	0.983933162
388	0.9991739392	0.06169171566	0.983933162
389	0.9991756082	0.06148286344	0.983933162
390	0.9991822243	0.06139413005	0.983933162
391	0.9991937876	0.0612990372	0.983933162
392	0.9992036819	0.06121932572	0.983933162
393	0.9992135763	0.06108204074	0.983933162
394	0.9992300868	0.06074244443	0.983933162
395	0.9992400408	0.06060946447	0.983933162
396	0.9992548823	0.06044501572	0.983933162
397	0.9992565513	0.0603965622	0.983933162
398	0.9992614985	0.0602398311	0.9845758355
399	0.9992631674	0.06017487827	0.9845758355
400	0.9992664456	0.0599569404	0.9845758355
401	0.9992763996	0.05965316694	0.9845758355
402	0.9992780089	0.05959379397	0.9845758355
403	0.9992796779	0.0594397106	0.9845758355
404	0.999286294	0.05933285005	0.9845758355
405	0.999286294	0.05928045435	0.9845758355
406	0.9992879629	0.0592110347	0.9845758355
407	0.9992961884	0.05904089332	0.9845758355
408	0.9992945194	0.05898431518	0.9845758355
409	0.9993044734	0.05887804791	0.9845758355
410	0.9993143678	0.05880278855	0.9845758355
411	0.9993160367	0.05871055917	0.9845758355
412	0.999319315	0.05861840334	0.9845758355
413	0.9993209839	0.05858216862	0.9845758355
414	0.9993226528	0.05853512232	0.9845758355
415	0.9993226528	0.05845899508	0.9845758355
416	0.9993325472	0.05830761338	0.9845758355
417	0.9993342161	0.05813841832	0.9845758355
418	0.9993374944	0.05809894748	0.9845758355
419	0.9993424416	0.05791846033	0.985218509
420	0.9993473887	0.05785291422	0.9858611825
421	0.9993540049	0.05772229761	0.9858611825
422	0.9993573427	0.05765814401	0.9858611825
423	0.999358952	0.05758333574	0.9858611825
424	0.9993622899	0.05744553593	0.986503856
425	0.9993705153	0.05728498523	0.986503856
426	0.9993755221	0.05719538887	0.986503856
427	0.9993788004	0.05714698929	0.986503856
428	0.9993837476	0.05698909612	0.986503856
429	0.9993854165	0.05693307205	0.986503856
430	0.9993870854	0.05688152951	0.986503856
431	0.9993937016	0.05675377637	0.986503856
432	0.9993969798	0.05670217009	0.9871465296
433	0.9993969798	0.05664139971	0.9877892031
434	0.9994002581	0.0565211681	0.9877892031
435	0.9994052649	0.05645822559	0.9877892031
436	0.9994184375	0.05621229039	0.9877892031
437	0.9994217753	0.0561641752	0.9877892031
438	0.9994233847	0.05609308846	0.9877892031
439	0.9994300008	0.0559706406	0.9877892031
440	0.9994333386	0.05588087263	0.9884318766
441	0.9994399548	0.05559387305	0.9884318766
442	0.9994449019	0.0555096212	0.9884318766
443	0.9994481802	0.05545580356	0.9884318766
444	0.9994515181	0.05530028355	0.9884318766
445	0.9994515181	0.0552403173	0.9884318766
446	0.9994581342	0.05511787434	0.9884318766
447	0.9994581342	0.05492461433	0.9884318766
448	0.9994696975	0.05474132744	0.9884318766
449	0.9994828701	0.05466342524	0.9884318766
450	0.9994878173	0.05450179093	0.9890745501
451	0.9994928241	0.05443549463	0.9890745501
452	0.9994944334	0.05437997558	0.9890745501
453	0.9995043874	0.05423287438	0.9890745501
454	0.9995043874	0.05420538699	0.9890745501
455	0.9995093346	0.05405445638	0.9890745501
456	0.99951756	0.0537501975	0.9897172237
457	0.9995192289	0.05365023576	0.9897172237
458	0.9995208979	0.05356163476	0.9897172237
459	0.9995225668	0.05342875777	0.9897172237
460	0.9995324612	0.05326541224	0.9897172237
461	0.9995324612	0.05311731569	0.9897172237
462	0.9995357394	0.05308466031	0.9897172237
463	0.9995374084	0.05302520399	0.9897172237
464	0.9995390773	0.05288631567	0.9897172237
465	0.9995390773	0.0528451238	0.9897172237
466	0.9995390773	0.05273018276	0.9897172237
467	0.9995390773	0.05265575203	0.9897172237
468	0.9995423555	0.05260464097	0.9897172237
469	0.9995440245	0.05256931825	0.9897172237
470	0.9995506406	0.05233838687	0.9897172237
471	0.9995506406	0.05230403008	0.9897172237
472	0.9995753765	0.05190240816	0.9903598972
473	0.9995720983	0.05186037294	0.9903598972
474	0.9995720983	0.05182770285	0.9903598972
475	0.9995853305	0.05174158778	0.9903598972
476	0.9995902777	0.05167956708	0.9903598972
477	0.9995952249	0.05156945079	0.9903598972
478	0.9995952249	0.05144598797	0.9903598972
479	0.9996035099	0.05134693822	0.9903598972
480	0.9996084571	0.05127853845	0.9903598972
481	0.999610126	0.05119955754	0.9903598972
482	0.9996183515	0.05105597685	0.9903598972
483	0.9996166825	0.05091650504	0.9903598972
484	0.9996200204	0.05083655821	0.9903598972
485	0.9996200204	0.0507968373	0.9903598972
486	0.9996200204	0.05075960233	0.9903598972
487	0.9996216893	0.05069196255	0.9903598972
488	0.9996266365	0.05066656392	0.9903598972
489	0.9996299148	0.05062351374	0.9903598972
490	0.9996299148	0.05058337116	0.9903598972
491	0.9996398091	0.05028690348	0.9903598972
492	0.9996398091	0.05023294365	0.9903598972
493	0.9996414781	0.05020565239	0.9903598972
494	0.9996464252	0.05007194676	0.9903598972
495	0.9996464252	0.05004070841	0.9903598972
496	0.9996464252	0.0499560692	0.9903598972
497	0.999651432	0.04986467337	0.9903598972
498	0.999651432	0.0498315669	0.9903598972
499	0.9996596575	0.04973170322	0.9903598972
500	0.9996662736	0.04965065807	0.9903598972
501	0.9996662736	0.04962830433	0.9903598972
502	0.9996662736	0.04958293983	0.9903598972
503	0.9996679425	0.0495346138	0.9903598972
504	0.9996679425	0.04949290219	0.9903598972
505	0.9996695518	0.04945141123	0.9903598972
506	0.9996712208	0.04939324445	0.9903598972
507	0.9996712208	0.04936312403	0.9903598972
508	0.9996728897	0.04927578806	0.9903598972
509	0.999676168	0.04915798844	0.9910025707
510	0.9996795058	0.04905278517	0.9910025707
511	0.9996861219	0.04899551568	0.9910025707
512	0.9996861219	0.04889223937	0.9910025707
513	0.9996877313	0.04883174847	0.9910025707
514	0.9996992946	0.04874376037	0.9910025707
515	0.9996992946	0.04865753252	0.9910025707
516	0.9997026324	0.04860738249	0.9910025707
517	0.9997092485	0.04852023284	0.9910025707
518	0.9997108579	0.04845416699	0.9910025707
519	0.9997240901	0.04840440922	0.9910025707
520	0.9997240901	0.0483310621	0.9910025707
521	0.999725759	0.04827613144	0.9910025707
522	0.999725759	0.04824064691	0.9910025707
523	0.9997290373	0.04821278687	0.9910025707
524	0.9997323751	0.04805429061	0.9910025707
525	0.9997339845	0.04803683519	0.9910025707
526	0.9997406006	0.04796839128	0.9910025707
527	0.9997406006	0.04793087682	0.9910025707
528	0.9997439384	0.04785181747	0.9910025707
529	0.9997439384	0.04778642336	0.9910025707
530	0.9997439384	0.04772412808	0.9910025707
531	0.9997439384	0.04765589501	0.9910025707
532	0.9997455478	0.04761256534	0.9910025707
533	0.9997455478	0.04758202815	0.9910025707
534	0.9997505546	0.04736066294	0.9910025707
535	0.9997538328	0.04732277093	0.9910025707
536	0.9997555017	0.04730367783	0.9910025707
537	0.9997555017	0.0472770436	0.9910025707
538	0.9997621179	0.04713231065	0.9910025707
539	0.9997720122	0.04694660648	0.9910025707
540	0.9997786283	0.04688094269	0.9910025707
541	0.9997802973	0.04681452381	0.9910025707
542	0.9997819066	0.04678347668	0.9910025707
543	0.9997819066	0.04676544268	0.9910025707
544	0.9997835755	0.04669633194	0.9910025707
545	0.9997835755	0.04660222463	0.9910025707
546	0.9997918606	0.04628031419	0.9910025707
547	0.999800086	0.04619314493	0.9910025707
548	0.9997984171	0.04611317848	0.9910025707
549	0.9998034239	0.04607336932	0.9910025707
550	0.9998050332	0.04600710244	0.9910025707
551	0.9998083711	0.04594307632	0.9910025707
552	0.9998083711	0.04585802034	0.9910025707
553	0.9998083711	0.04582768909	0.9910025707
554	0.9998083711	0.04578970392	0.9910025707
555	0.9998099804	0.04576917908	0.9910025707
556	0.9998099804	0.04575493035	0.9910025707
557	0.9998099804	0.04565160011	0.9910025707
558	0.9998099804	0.04552791174	0.9910025707
559	0.9998133183	0.04548760735	0.9910025707
560	0.9998165965	0.04543220108	0.9910025707
561	0.9998215437	0.04537049909	0.9910025707
562	0.9998215437	0.0453327885	0.9910025707
563	0.9998248816	0.04530338886	0.9910025707
564	0.9998463392	0.04500962775	0.9910025707
565	0.9998480082	0.04493356425	0.9910025707
566	0.9998496771	0.04487142587	0.9910025707
567	0.9998496771	0.04485469612	0.9910025707
568	0.9998496771	0.04481491638	0.9910025707
569	0.9998496771	0.04478468319	0.9910025707
570	0.9998496771	0.04475741154	0.9910025707
571	0.9998512864	0.04468936479	0.9910025707
572	0.9998512864	0.04465830786	0.9910025707
573	0.9998529553	0.04462546616	0.9910025707
574	0.9998529553	0.04458588745	0.9910025707
575	0.9998562932	0.04455745864	0.9910025707
576	0.9998546243	0.04448089992	0.9910025707
577	0.9998562932	0.04441709445	0.9910025707
578	0.9998562932	0.04435319091	0.9910025707
579	0.9998562932	0.04428155502	0.9910025707
580	0.9998595715	0.04420641823	0.9910025707
581	0.9998595715	0.04418302011	0.9910025707
582	0.9998595715	0.04416495669	0.9910025707
583	0.9998612404	0.04412934958	0.9910025707
584	0.9998628497	0.04395573672	0.9910025707
585	0.9998661876	0.04369317474	0.9916452442
586	0.9998678565	0.04364269619	0.9916452442
587	0.9998678565	0.04362451509	0.9916452442
588	0.9998694658	0.04356244046	0.9916452442
589	0.9998728037	0.04330573781	0.9916452442
590	0.9998728037	0.04328699774	0.9916452442
591	0.9998728037	0.04323529339	0.9916452442
592	0.999874413	0.04314244131	0.9916452442
593	0.999874413	0.04310346569	0.9916452442
594	0.9998760819	0.04308267118	0.9916452442
595	0.9998794198	0.04295975261	0.9916452442
596	0.9998794198	0.04293823733	0.9910025707
597	0.9998826981	0.04285318625	0.9916452442
598	0.9998826981	0.04279375444	0.9916452442
599	0.9998859763	0.04272048578	0.9916452442
600	0.9998859763	0.04263746953	0.9916452442
601	0.9998859763	0.0426036668	0.9916452442
602	0.9998859763	0.04257004059	0.9916452442
603	0.9998859763	0.04251095201	0.9916452442
604	0.9998893142	0.04243750683	0.9916452442
605	0.9998893142	0.0423803452	0.9916452442
606	0.9998909831	0.04231215136	0.9916452442
607	0.9998909831	0.04227653445	0.9916452442
608	0.9998909831	0.04221921102	0.9916452442
609	0.9998925924	0.04219881857	0.9916452442
610	0.9998925924	0.04215436607	0.9916452442
611	0.9998925924	0.0421252312	0.9916452442
612	0.9998909831	0.04200275882	0.9916452442
613	0.9998909831	0.04197749748	0.9916452442
614	0.9998925924	0.0418765502	0.9916452442
615	0.9998959303	0.04179671614	0.9916452442
616	0.9998975396	0.04176423727	0.9916452442
617	0.9998975396	0.04171729885	0.9916452442
618	0.9998975396	0.04169917658	0.9916452442
619	0.9998975396	0.04168351083	0.9916452442
620	0.9998975396	0.04164885004	0.9916452442
621	0.9998975396	0.04162524108	0.9922879177
622	0.9999008775	0.04160456915	0.9922879177
623	0.9999008775	0.04157069287	0.9922879177
624	0.9999008775	0.04153684601	0.9922879177
625	0.9999025464	0.04149869904	0.9929305913
626	0.9999008775	0.04139714376	0.9929305913
627	0.9999025464	0.04137381429	0.9929305913
628	0.9999041557	0.04135210778	0.9929305913
629	0.9999041557	0.04130406122	0.9929305913
630	0.9999041557	0.04127674054	0.9929305913
631	0.9999041557	0.04121094436	0.9929305913
632	0.9999074936	0.04116704593	0.9929305913
633	0.9999107718	0.0410272407	0.9929305913
634	0.9999091625	0.04098475194	0.9929305913
635	0.9999091625	0.04095983138	0.9929305913
636	0.9999091625	0.04093036554	0.9929305913
637	0.9999091625	0.04088035034	0.9929305913
638	0.9999141097	0.04080147241	0.9929305913
639	0.9999141097	0.04077126373	0.9929305913
640	0.9999141097	0.04074833142	0.9929305913
641	0.999915719	0.04058614304	0.9929305913
642	0.999917388	0.04054677762	0.9929305913
643	0.999917388	0.04053412244	0.9929305913
644	0.999917388	0.04050018732	0.9929305913
645	0.9999207258	0.04038485647	0.9929305913
646	0.9999207258	0.04025386477	0.9929305913
647	0.9999207258	0.04022987091	0.9929305913
648	0.9999207258	0.04009807018	0.9929305913
649	0.9999207258	0.04008092856	0.9929305913
650	0.9999207258	0.04005454193	0.9929305913
651	0.9999207258	0.04003622844	0.9929305913
652	0.9999223351	0.03994473455	0.9929305913
653	0.9999223351	0.03991621748	0.9929305913
654	0.9999223351	0.03985966141	0.9929305913
655	0.9999223351	0.0398288766	0.9929305913
656	0.9999223351	0.03975018989	0.9929305913
657	0.9999223351	0.03972320753	0.9929305913
658	0.9999240041	0.0396594609	0.9929305913
659	0.9999240041	0.03963921309	0.9929305913
660	0.9999240041	0.03960820274	0.9929305913
661	0.999925673	0.03953478208	0.9929305913
662	0.9999289513	0.03946758849	0.9929305913
663	0.9999322891	0.03931272306	0.9929305913
664	0.9999322891	0.03929973445	0.9929305913
665	0.9999355674	0.03927066577	0.9929305913
666	0.9999355674	0.03923208242	0.9929305913
667	0.9999355674	0.0392177822	0.9929305913
668	0.9999355674	0.03912567296	0.9929305913
669	0.9999355674	0.03909643512	0.9929305913
670	0.9999372363	0.03907871491	0.9929305913
671	0.9999372363	0.03906045046	0.9929305913
672	0.9999388456	0.03904182316	0.9929305913
673	0.9999388456	0.03901818724	0.9929305913
674	0.9999405146	0.03895360216	0.9929305913
675	0.9999405146	0.03885534429	0.9929305913
676	0.9999405146	0.03883027417	0.9929305913
677	0.9999405146	0.03881450545	0.9929305913
678	0.9999421835	0.0387938752	0.9929305913
679	0.9999421835	0.03868706612	0.9929305913
680	0.9999438524	0.0386152341	0.9929305913
681	0.9999438524	0.0385930152	0.9929305913
682	0.9999438524	0.0385419924	0.9929305913
683	0.9999438524	0.03850411756	0.9929305913
684	0.9999438524	0.0384622466	0.9929305913
685	0.9999438524	0.03844373208	0.9929305913
686	0.9999438524	0.03841415346	0.9929305913
687	0.9999421835	0.03828710639	0.9935732648
688	0.9999421835	0.03825258044	0.9935732648
689	0.9999438524	0.03820738756	0.9935732648
690	0.9999438524	0.03813928933	0.9935732648
691	0.9999438524	0.03810279964	0.9935732648
692	0.9999471307	0.03800723118	0.9935732648
693	0.9999471307	0.03796405351	0.9935732648
694	0.9999471307	0.03791876256	0.9935732648
695	0.9999471307	0.03782618996	0.9935732648
696	0.9999471307	0.03778035966	0.9935732648
697	0.9999487996	0.03775267123	0.9935732648
698	0.9999487996	0.03767901031	0.9942159383
699	0.9999487996	0.03765436923	0.9942159383
700	0.9999487996	0.03763527368	0.9942159383
701	0.9999487996	0.03760417752	0.9942159383
702	0.9999487996	0.03759164001	0.9942159383
703	0.9999487996	0.03758003902	0.9942159383
704	0.9999487996	0.03755214466	0.9942159383
705	0.9999487996	0.03751087434	0.9942159383
706	0.9999520779	0.03737222137	0.9942159383
707	0.9999520779	0.03729878845	0.9942159383
708	0.9999537468	0.0371953773	0.9942159383
709	0.9999537468	0.03706372366	0.9942159383
710	0.9999537468	0.03701433608	0.9942159383
711	0.9999537468	0.03694611772	0.9942159383
712	0.9999537468	0.03688869869	0.9942159383
713	0.9999537468	0.03687239796	0.9942159383
714	0.9999537468	0.03685035558	0.9942159383
715	0.9999537468	0.03682138742	0.9942159383
716	0.9999537468	0.03670350445	0.9942159383
717	0.9999537468	0.03667876776	0.9942159383
718	0.9999537468	0.03658691838	0.9942159383
719	0.9999554157	0.03654903863	0.9942159383
720	0.9999554157	0.03648157291	0.9948586118
721	0.9999554157	0.03647136443	0.9948586118
722	0.9999554157	0.03643711061	0.9948586118
723	0.9999570251	0.0363419344	0.9948586118
724	0.9999570251	0.03631660442	0.9948586118
725	0.9999570251	0.03621260734	0.9948586118
726	0.9999570251	0.03619168289	0.9948586118
727	0.9999570251	0.03615451411	0.9948586118
728	0.9999570251	0.03610844355	0.9948586118
729	0.9999570251	0.0360814097	0.9948586118
730	0.9999570251	0.03606908793	0.9948586118
731	0.9999570251	0.03602883013	0.9948586118
732	0.9999570251	0.03602240202	0.9948586118
733	0.9999570251	0.03600180364	0.9948586118
734	0.9999570251	0.03595489708	0.9948586118
735	0.9999619722	0.03584191977	0.9948586118
736	0.9999619722	0.03582245403	0.9948586118
737	0.9999619722	0.03581029652	0.9948586118
738	0.9999619722	0.03574021249	0.9948586118
739	0.9999619722	0.03570420822	0.9948586118
740	0.9999619722	0.03568833408	0.9948586118
741	0.9999619722	0.03562487918	0.9948586118
742	0.9999619722	0.03557883314	0.9948586118
743	0.9999619722	0.03555141929	0.9948586118
744	0.999966979	0.03549027136	0.9948586118
745	0.999966979	0.03545312465	0.9948586118
746	0.999966979	0.03542362203	0.9948586118
747	0.999966979	0.03538741428	0.9948586118
748	0.999966979	0.03537326116	0.9948586118
749	0.999966979	0.03535766405	0.9948586118
750	0.9999685884	0.03531148562	0.9955012853
751	0.9999685884	0.0352727282	0.9955012853
752	0.9999685884	0.03526232359	0.9955012853
753	0.9999685884	0.03523667735	0.9955012853
754	0.9999685884	0.03521792012	0.9955012853
755	0.9999702573	0.03516906454	0.9955012853
756	0.9999702573	0.03512627668	0.9955012853
757	0.9999702573	0.03511471491	0.9955012853
758	0.9999735951	0.03502277972	0.9955012853
759	0.9999735951	0.0350039465	0.9955012853
760	0.9999735951	0.03496409811	0.9955012853
761	0.9999735951	0.03492644146	0.9955012853
762	0.9999735951	0.03491569852	0.9955012853
763	0.9999719262	0.03486537933	0.9955012853
764	0.9999719262	0.03474873687	0.9955012853
765	0.9999719262	0.03472169322	0.9955012853
766	0.9999719262	0.03469564982	0.9955012853
767	0.9999719262	0.03466631147	0.9955012853
768	0.9999735951	0.03465611279	0.9955012853
769	0.9999735951	0.03462361431	0.9955012853
770	0.9999719262	0.03458622734	0.9955012853
771	0.9999719262	0.03455324835	0.9955012853
772	0.9999719262	0.03454175277	0.9955012853
773	0.9999719262	0.03453439306	0.9955012853
774	0.9999719262	0.03451249287	0.9955012853
775	0.9999719262	0.03448314716	0.9955012853
776	0.9999719262	0.0344473194	0.9955012853
777	0.9999735951	0.03436844392	0.9955012853
778	0.9999735951	0.03435493067	0.9955012853
779	0.9999735951	0.03434144439	0.9955012853
780	0.9999735951	0.03428392729	0.9955012853
781	0.9999752045	0.03425638351	0.9955012853
782	0.9999785423	0.03414178814	0.9955012853
783	0.9999768734	0.03406164027	0.9955012853
784	0.9999768734	0.03405139501	0.9955012853
785	0.9999768734	0.03394659136	0.9955012853
786	0.9999785423	0.03391876564	0.9955012853
787	0.9999785423	0.03391364914	0.9955012853
788	0.9999785423	0.03389577939	0.9955012853
789	0.9999785423	0.0338685249	0.9955012853
790	0.9999785423	0.03384977503	0.9955012853
791	0.9999785423	0.03383559739	0.9955012853
792	0.9999801517	0.03380203247	0.9955012853
793	0.9999801517	0.03379096102	0.9955012853
794	0.9999801517	0.03375996783	0.9955012853
795	0.9999801517	0.03374358621	0.9955012853
796	0.9999801517	0.03371824152	0.9955012853
797	0.9999801517	0.03365626985	0.9955012853
798	0.9999801517	0.03363322721	0.9955012853
799	0.9999801517	0.0336158723	0.9955012853
800	0.9999801517	0.03357644559	0.9955012853
801	0.9999801517	0.03355994629	0.9955012853
802	0.9999801517	0.03354307189	0.9955012853
803	0.9999801517	0.03351415521	0.9955012853
804	0.9999818206	0.03344579957	0.9955012853
805	0.9999834895	0.03341788559	0.9961439589
806	0.9999834895	0.03341055039	0.9961439589
807	0.9999834895	0.03339881456	0.9961439589
808	0.9999834895	0.0333883413	0.9961439589
809	0.9999834895	0.03337960378	0.9961439589
810	0.9999834895	0.03336539918	0.9961439589
811	0.9999834895	0.03335460722	0.9961439589
812	0.9999834895	0.03327048775	0.9961439589
813	0.9999834895	0.03326387577	0.9961439589
814	0.9999834895	0.03324822472	0.9961439589
815	0.9999851584	0.03320105585	0.9961439589
816	0.9999851584	0.03317978572	0.9961439589
817	0.9999851584	0.03316993517	0.9961439589
818	0.9999851584	0.03314481358	0.9961439589
819	0.9999851584	0.03311660786	0.9961439589
820	0.9999851584	0.03305384432	0.9961439589
821	0.9999851584	0.03301947527	0.9961439589
822	0.9999851584	0.0330124122	0.9961439589
823	0.9999851584	0.03300295636	0.9961439589
824	0.9999851584	0.03299302981	0.9961439589
825	0.9999851584	0.03298871989	0.9961439589
826	0.9999851584	0.0329810145	0.9961439589
827	0.9999851584	0.03297207595	0.9961439589
828	0.9999851584	0.03296243623	0.9961439589
829	0.9999851584	0.03291493149	0.9961439589
830	0.9999851584	0.03288707145	0.9961439589
831	0.9999851584	0.03287801277	0.9961439589
832	0.9999851584	0.03286290598	0.9961439589
833	0.9999851584	0.03276298101	0.9961439589
834	0.9999834895	0.03272738126	0.9961439589
835	0.9999834895	0.03265731439	0.9961439589
836	0.9999834895	0.0326498419	0.9961439589
837	0.9999834895	0.03260182476	0.9961439589
838	0.9999834895	0.03259145447	0.9961439589
839	0.9999834895	0.03254647733	0.9961439589
840	0.9999834895	0.03248472631	0.9961439589
841	0.9999834895	0.03246136741	0.9967866324
842	0.9999834895	0.03241604459	0.9967866324
843	0.9999834895	0.03241407595	0.9967866324
844	0.9999834895	0.03240719675	0.9967866324
845	0.9999867678	0.03229768356	0.9967866324
846	0.9999867678	0.03228839198	0.9967866324
847	0.9999867678	0.03227740879	0.9967866324
848	0.9999867678	0.0322474943	0.9967866324
849	0.9999867678	0.03223200016	0.9967866324
850	0.9999867678	0.03219376493	0.9967866324
851	0.9999867678	0.032182946	0.9967866324
852	0.9999867678	0.03217721169	0.9967866324
853	0.9999867678	0.0321578293	0.9967866324
854	0.9999867678	0.03214495838	0.9967866324
855	0.9999867678	0.03207496506	0.9967866324
856	0.9999867678	0.03205826473	0.9967866324
857	0.9999867678	0.03205331739	0.9967866324
858	0.9999867678	0.03201942395	0.9967866324
859	0.9999867678	0.0320005662	0.9967866324
860	0.9999867678	0.03197365739	0.9967866324
861	0.9999867678	0.03190184252	0.9967866324
862	0.9999867678	0.03189511532	0.9967866324
863	0.9999867678	0.03188994734	0.9967866324
864	0.9999867678	0.03179502365	0.9967866324
865	0.9999867678	0.03178971592	0.9967866324
866	0.9999867678	0.03178020369	0.9967866324
867	0.9999867678	0.03177003934	0.9967866324
868	0.9999867678	0.03175635448	0.9967866324
869	0.9999867678	0.03174975476	0.9967866324
870	0.9999867678	0.03173940899	0.9967866324
871	0.9999867678	0.03172403743	0.9967866324
872	0.9999867678	0.03170400536	0.9967866324
873	0.9999867678	0.03169947725	0.9967866324
874	0.9999867678	0.03166962651	0.9967866324
875	0.9999867678	0.03166653258	0.9967866324
876	0.9999867678	0.03162612032	0.9967866324
877	0.9999867678	0.03161103315	0.9967866324
878	0.9999867678	0.03158923348	0.9967866324
879	0.9999867678	0.03156569807	0.9967866324
880	0.9999867678	0.03154171157	0.9967866324
881	0.9999867678	0.0315240355	0.9967866324
882	0.9999867678	0.03151892145	0.9967866324
883	0.9999867678	0.03145706746	0.9967866324
884	0.9999867678	0.03142080822	0.9967866324
885	0.9999867678	0.0314139045	0.9967866324
886	0.9999867678	0.03140215886	0.9967866324
887	0.9999867678	0.03138615723	0.9967866324
888	0.9999867678	0.0313822886	0.9967866324
889	0.9999867678	0.03136611782	0.9967866324
890	0.9999867678	0.03135712778	0.9967866324
891	0.9999867678	0.03135077812	0.9967866324
892	0.9999867678	0.0313470713	0.9967866324
893	0.9999867678	0.03127844352	0.9974293059
894	0.9999867678	0.03127526134	0.9974293059
895	0.9999867678	0.03126381725	0.9974293059
896	0.9999867678	0.03125531753	0.9974293059
897	0.9999867678	0.03120112235	0.9974293059
898	0.9999867678	0.03117031794	0.9974293059
899	0.9999867678	0.03115657914	0.9974293059
900	0.9999867678	0.03114915568	0.9974293059
901	0.9999867678	0.03111400457	0.9974293059
902	0.9999867678	0.03109572541	0.9974293059
903	0.9999867678	0.03108452157	0.9974293059
904	0.9999867678	0.03106509505	0.9974293059
905	0.9999867678	0.03106033404	0.9974293059
906	0.9999867678	0.03104426131	0.9974293059
907	0.9999867678	0.03103053478	0.9974293059
908	0.9999867678	0.03101899507	0.9974293059
909	0.9999867678	0.03101150297	0.9974293059
910	0.9999867678	0.03100338325	0.9974293059
911	0.9999867678	0.03096905833	0.9974293059
912	0.9999867678	0.03094703557	0.9980719794
913	0.9999867678	0.03093752334	0.9980719794
914	0.9999867678	0.03092450287	0.9980719794
915	0.9999867678	0.03088846427	0.9980719794
916	0.9999867678	0.03080232713	0.9980719794
917	0.9999867678	0.0307901255	0.9980719794
918	0.9999867678	0.0307708093	0.9980719794
919	0.9999867678	0.03076152752	0.9980719794
920	0.9999867678	0.03075280962	0.9980719794
921	0.9999867678	0.03074677377	0.9980719794
922	0.9999867678	0.03071411349	0.9980719794
923	0.9999867678	0.03067551297	0.9980719794
924	0.9999867678	0.03065842773	0.9980719794
925	0.9999867678	0.03064794467	0.9980719794
926	0.9999867678	0.03061339175	0.9980719794
927	0.9999867678	0.03060424481	0.9980719794
928	0.9999867678	0.03057520065	0.9980719794
929	0.9999867678	0.03054536462	0.9980719794
930	0.9999867678	0.03051521478	0.9980719794
931	0.9999867678	0.03045922012	0.9980719794
932	0.9999867678	0.03041082544	0.9980719794
933	0.9999867678	0.03040497591	0.9980719794
934	0.9999867678	0.03040054831	0.9980719794
935	0.9999867678	0.03032902764	0.9980719794
936	0.9999867678	0.03028698017	0.9980719794
937	0.9999867678	0.03028065993	0.9980719794
938	0.9999867678	0.03027143699	0.9980719794
939	0.9999867678	0.03023591814	0.9980719794
940	0.9999867678	0.03021874219	0.9980719794
941	0.9999867678	0.03021082841	0.9980719794
942	0.9999867678	0.03018368179	0.9980719794
943	0.9999867678	0.03015198744	0.9980719794
944	0.9999867678	0.03014662088	0.9980719794
945	0.9999867678	0.03014085471	0.9980719794
946	0.9999867678	0.03013775833	0.9980719794
947	0.9999867678	0.03012960429	0.9980719794
948	0.9999867678	0.03011696627	0.9980719794
949	0.9999867678	0.03007128061	0.998714653
950	0.9999867678	0.03005321964	0.998714653
951	0.9999867678	0.03002802204	0.998714653
952	0.9999867678	0.03002396709	0.998714653
953	0.9999867678	0.03000257928	0.998714653
954	0.9999867678	0.02999152009	0.998714653
955	0.9999867678	0.02996915655	0.998714653
956	0.9999867678	0.0299667834	0.998714653
957	0.9999867678	0.02992521644	0.998714653
958	0.9999867678	0.02987625789	0.998714653
959	0.9999867678	0.02986393612	0.998714653
960	0.9999867678	0.0298597022	0.998714653
961	0.9999867678	0.02985554428	0.998714653
962	0.9999867678	0.02984896172	0.998714653
963	0.9999867678	0.02980687992	0.998714653
964	0.9999867678	0.02979387906	0.998714653
965	0.9999867678	0.02978552889	0.998714653
966	0.9999884367	0.02967857027	0.998714653
967	0.9999884367	0.02967076927	0.998714653
968	0.9999884367	0.02966764837	0.998714653
969	0.9999884367	0.02964274742	0.998714653
970	0.9999884367	0.02963352449	0.998714653
971	0.9999884367	0.02962946953	0.998714653
972	0.9999884367	0.02962248736	0.998714653
973	0.9999884367	0.02961890557	0.998714653
974	0.9999884367	0.02957191075	0.998714653
975	0.9999884367	0.02953959369	0.998714653
976	0.9999884367	0.02953556571	0.998714653
977	0.9999884367	0.02950647006	0.998714653
978	0.9999884367	0.02948027711	0.998714653
979	0.9999884367	0.02947373378	0.998714653
980	0.9999884367	0.02946725664	0.998714653
981	0.9999884367	0.0294524514	0.998714653
982	0.9999901056	0.02933570597	0.998714653
983	0.9999901056	0.02933137398	0.998714653
984	0.9999901056	0.02932826535	0.998714653
985	0.9999901056	0.02931618629	0.998714653
986	0.9999901056	0.02929524713	0.998714653
987	0.9999901056	0.02929263863	0.998714653
988	0.9999901056	0.02929023115	0.998714653
989	0.9999901056	0.02928295724	0.998714653
990	0.9999901056	0.02927175095	0.998714653
991	0.9999901056	0.02925254753	0.998714653
992	0.9999901056	0.02924404782	0.998714653
993	0.9999901056	0.02921886003	0.998714653
994	0.9999901056	0.02919084554	0.998714653
995	0.9999901056	0.02918693523	0.998714653
996	0.9999901056	0.02918028402	0.998714653
997	0.9999901056	0.02916338266	0.998714653
998	0.9999901056	0.02915704771	0.998714653
999	0.9999901056	0.0291534316	0.998714653
